{"stats":{"minecraft:killed":{"minecraft:zombie":3},"minecraft:dropped":{"minecraft:wheat_seeds":2,"peru_mod:raw_cuy":2,"minecraft:birch_sapling":1,"minecraft:oak_sapling":1,"minecraft:rotten_flesh":5,"minecraft:bone":10},"minecraft:custom":{"minecraft:time_since_rest":1641,"minecraft:damage_taken":1954,"minecraft:walk_one_cm":50218,"minecraft:damage_absorbed":104,"minecraft:mob_kills":3,"minecraft:drop":6,"minecraft:damage_dealt":228,"minecraft:fly_one_cm":3572,"minecraft:player_kills":1,"minecraft:play_time":18546,"minecraft:deaths":6,"minecraft:sneak_time":55,"minecraft:walk_under_water_one_cm":208,"minecraft:jump":269,"minecraft:walk_on_water_one_cm":11055,"minecraft:time_since_death":1605,"minecraft:total_world_time":18546,"minecraft:damage_resisted":46,"minecraft:fall_one_cm":8158},"minecraft:picked_up":{"minecraft:stick":1,"minecraft:netherite_boots":2,"minecraft:oak_log":8,"minecraft:netherite_leggings":2,"mowziesmobs:umvuthana_mask_faith":6,"tacz:ammo":599,"minecraft:arrow":22,"minecraft:bone":10,"minecraft:rotten_flesh":21,"minecraft:netherite_helmet":2,"minecraft:wheat_seeds":7,"tacz:modern_kinetic_gun":27,"minecraft:netherite_sword":2,"peru_mod:raw_cuy":2,"cataclysm:the_incinerator":2,"minecraft:enchanted_golden_apple":249,"minecraft:netherite_chestplate":2,"minecraft:oak_sapling":1,"minecraft:birch_sapling":2,"minecraft:oak_planks":32,"minecraft:white_wool":4},"minecraft:killed_by":{"minecraft:player":1,"minecraft:creeper":1,"minecraft:zombie":4},"minecraft:mined":{"minecraft:birch_leaves":1,"minecraft:grass":2,"minecraft:oak_log":8,"minecraft:oak_leaves":1},"minecraft:crafted":{"minecraft:oak_planks":32},"minecraft:used":{"minecraft:netherite_sword":5,"minecraft:enchanted_golden_apple":7}},"DataVersion":2975}