{"stats":{"minecraft:killed":{"minecraft:zombie":4},"minecraft:dropped":{"minecraft:wheat_seeds":2,"peru_mod:raw_cuy":2,"minecraft:birch_sapling":1,"minecraft:oak_sapling":1,"minecraft:rotten_flesh":5,"minecraft:bone":10},"minecraft:custom":{"minecraft:time_since_rest":8826,"minecraft:sprint_one_cm":36,"minecraft:damage_taken":2772,"minecraft:walk_one_cm":72358,"minecraft:damage_absorbed":2827,"minecraft:mob_kills":3,"minecraft:drop":6,"minecraft:damage_dealt":280,"minecraft:interact_with_crafting_table":1,"minecraft:fly_one_cm":6675,"minecraft:player_kills":2,"minecraft:open_chest":5,"minecraft:play_time":30546,"minecraft:deaths":7,"minecraft:sneak_time":170,"minecraft:walk_under_water_one_cm":18905,"minecraft:jump":405,"minecraft:walk_on_water_one_cm":14892,"minecraft:time_since_death":8770,"minecraft:total_world_time":30546,"minecraft:damage_resisted":663,"minecraft:fall_one_cm":11476},"minecraft:picked_up":{"minecraft:stick":1,"minecraft:netherite_boots":3,"minecraft:crafting_table":1,"minecraft:oak_log":8,"minecraft:netherite_leggings":3,"minecraft:dirt":1,"mowziesmobs:umvuthana_mask_faith":6,"tacz:ammo":1243,"minecraft:arrow":22,"minecraft:bone":10,"cataclysm:infernal_forge":1,"minecraft:rotten_flesh":22,"minecraft:netherite_helmet":4,"minecraft:wheat_seeds":9,"tacz:modern_kinetic_gun":35,"minecraft:netherite_sword":2,"peru_mod:raw_cuy":2,"minecraft:totem_of_undying":2,"cataclysm:the_incinerator":2,"minecraft:enchanted_golden_apple":311,"minecraft:netherite_chestplate":4,"minecraft:oak_sapling":1,"minecraft:birch_sapling":2,"minecraft:oak_planks":52,"minecraft:white_wool":6},"minecraft:killed_by":{"minecraft:player":2,"minecraft:creeper":1,"minecraft:zombie":4},"minecraft:mined":{"minecraft:birch_leaves":1,"minecraft:grass":2,"minecraft:oak_log":8,"minecraft:dirt":1,"minecraft:oak_leaves":6},"minecraft:crafted":{"minecraft:oak_planks":32,"minecraft:crafting_table":1,"minecraft:chest":1},"minecraft:used":{"minecraft:netherite_sword":5,"minecraft:chest":1,"minecraft:crafting_table":1,"minecraft:enchanted_golden_apple":65}},"DataVersion":2975}