{"stats":{"minecraft:killed":{"minecraft:zombie":2},"minecraft:custom":{"minecraft:time_since_rest":410,"minecraft:play_time":6546,"minecraft:walk_one_cm":21034,"minecraft:damage_taken":1450,"minecraft:deaths":5,"minecraft:walk_under_water_one_cm":208,"minecraft:mob_kills":2,"minecraft:jump":155,"minecraft:damage_dealt":28,"minecraft:time_since_death":378,"minecraft:walk_on_water_one_cm":2068,"minecraft:total_world_time":6546,"minecraft:fall_one_cm":2873,"minecraft:fly_one_cm":3194},"minecraft:picked_up":{"minecraft:stick":1,"tacz:ammo":38,"minecraft:rotten_flesh":11,"minecraft:wheat_seeds":1,"tacz:modern_kinetic_gun":5,"minecraft:birch_sapling":1},"minecraft:killed_by":{"minecraft:creeper":1,"minecraft:zombie":4},"minecraft:mined":{"minecraft:grass":2,"minecraft:birch_leaves":1,"minecraft:oak_leaves":1}},"DataVersion":2975}