{"stats":{"minecraft:killed":{"minecraft:zombie":4},"minecraft:dropped":{"minecraft:wheat_seeds":2,"peru_mod:raw_cuy":2,"minecraft:birch_sapling":1,"minecraft:oak_sapling":1,"minecraft:rotten_flesh":5,"minecraft:bone":10},"minecraft:custom":{"minecraft:time_since_rest":6239,"minecraft:sprint_one_cm":36,"minecraft:damage_taken":3701,"minecraft:walk_one_cm":93258,"minecraft:damage_absorbed":3283,"minecraft:mob_kills":3,"minecraft:drop":6,"minecraft:damage_dealt":280,"minecraft:interact_with_crafting_table":1,"minecraft:fly_one_cm":7600,"minecraft:player_kills":2,"minecraft:open_chest":7,"minecraft:play_time":42546,"minecraft:deaths":8,"minecraft:sneak_time":170,"minecraft:walk_under_water_one_cm":20171,"minecraft:jump":554,"minecraft:walk_on_water_one_cm":22283,"minecraft:time_since_death":6190,"minecraft:total_world_time":42546,"minecraft:damage_resisted":783,"minecraft:fall_one_cm":14429},"minecraft:picked_up":{"minecraft:stick":1,"minecraft:netherite_boots":4,"minecraft:crafting_table":1,"minecraft:sand":28,"minecraft:oak_log":8,"minecraft:netherite_leggings":3,"minecraft:dirt":2,"mowziesmobs:umvuthana_mask_faith":6,"tacz:ammo":1567,"minecraft:arrow":22,"minecraft:bone":10,"cataclysm:infernal_forge":1,"minecraft:rotten_flesh":23,"minecraft:netherite_helmet":5,"minecraft:wheat_seeds":11,"tacz:modern_kinetic_gun":40,"minecraft:netherite_sword":2,"peru_mod:raw_cuy":2,"minecraft:totem_of_undying":2,"cataclysm:the_incinerator":2,"minecraft:enchanted_golden_apple":631,"minecraft:netherite_chestplate":5,"minecraft:oak_sapling":1,"minecraft:birch_sapling":2,"minecraft:oak_planks":54,"minecraft:white_wool":8},"minecraft:killed_by":{"minecraft:player":3,"minecraft:creeper":1,"minecraft:zombie":4},"minecraft:mined":{"minecraft:birch_leaves":1,"minecraft:grass":2,"minecraft:oak_log":8,"minecraft:sand":24,"minecraft:dirt":2,"minecraft:oak_planks":1,"minecraft:oak_leaves":7},"minecraft:crafted":{"minecraft:oak_planks":32,"minecraft:crafting_table":1,"minecraft:chest":1},"minecraft:used":{"minecraft:netherite_sword":5,"minecraft:oak_planks":20,"minecraft:chest":1,"minecraft:dirt":1,"minecraft:sand":24,"minecraft:crafting_table":1,"minecraft:enchanted_golden_apple":73}},"DataVersion":2975}