{"stats":{"minecraft:killed":{"peru_mod:cuy":12,"mowziesmobs:umvuthi":1,"minecraft:spider":2,"peru_mod:lobo_marino":2,"minecraft:iron_golem":1,"cataclysm:netherite_monstrosity":1,"minecraft:horse":5,"minecraft:sheep":5,"minecraft:skeleton":7,"minecraft:zombie":13,"minecraft:chicken":2,"mowziesmobs:umvuthana_crane":2,"minecraft:drowned":1,"mowziesmobs:foliaath":1,"minecraft:villager":2,"cataclysm:ender_golem":1,"mowziesmobs:umvuthana":4,"minecraft:cow":10},"minecraft:custom":{"minecraft:interact_with_anvil":2,"minecraft:mob_kills":77,"minecraft:interact_with_crafting_table":4,"minecraft:damage_dealt_resisted":25,"minecraft:leave_game":4,"minecraft:time_since_death":26430,"minecraft:damage_resisted":541,"minecraft:time_since_rest":26507,"minecraft:sprint_one_cm":284557,"minecraft:damage_absorbed":1563,"minecraft:damage_taken":6947,"minecraft:walk_one_cm":513244,"minecraft:drop":376,"minecraft:damage_dealt":6184,"minecraft:swim_one_cm":14222,"minecraft:fly_one_cm":143147,"minecraft:player_kills":15,"minecraft:open_chest":2,"minecraft:crouch_one_cm":1083,"minecraft:play_time":112360,"minecraft:deaths":10,"minecraft:sneak_time":205,"minecraft:walk_under_water_one_cm":19083,"minecraft:jump":1158,"minecraft:walk_on_water_one_cm":21392,"minecraft:fall_one_cm":37471,"minecraft:total_world_time":112360},"minecraft:dropped":{"minecraft:enchanted_book":8,"cataclysm:ignitium_leggings":2,"minecraft:birch_planks":1,"minecraft:wheat_seeds":2,"minecraft:cooked_beef":38,"minecraft:oak_log":1,"peru_mod:raw_cuy":10,"minecraft:netherite_chestplate":3,"minecraft:netherite_helmet":2,"cataclysm:the_incinerator":2,"minecraft:experience_bottle":64,"peru_mod:arroz_chaufa":6,"minecraft:rotten_flesh":8,"minecraft:enchanted_golden_apple":60,"minecraft:leather":6,"minecraft:name_tag":1,"minecraft:cod":2,"minecraft:stick":1,"minecraft:shield":2,"cataclysm:ignitium_helmet":1,"cataclysm:ignitium_chestplate":1,"minecraft:wooden_axe":1,"minecraft:oak_sapling":7,"minecraft:wooden_sword":2,"tacz:modern_kinetic_gun":3,"tacz:ammo":61,"minecraft:arrow":70,"minecraft:bow":1,"cataclysm:infernal_forge":1,"minecraft:string":2,"cataclysm:ignitium_boots":2,"minecraft:dandelion":2,"minecraft:bone":3},"minecraft:picked_up":{"minecraft:birch_log":1,"cataclysm:ignitium_chestplate":4,"minecraft:netherite_boots":2,"minecraft:feather":18,"minecraft:cooked_beef":53,"cataclysm:monstrous_horn":1,"minecraft:leather":33,"minecraft:enchanted_book":16,"minecraft:oak_log":8,"cataclysm:ignitium_boots":10,"minecraft:shield":6,"minecraft:netherite_leggings":3,"minecraft:string":7,"minecraft:dirt":56,"minecraft:wooden_sword":2,"minecraft:name_tag":1,"tacz:ammo":2012,"minecraft:bone":13,"minecraft:experience_bottle":256,"cataclysm:infernal_forge":1,"minecraft:bow":2,"mowziesmobs:foliaath_seed":2,"minecraft:wheat_seeds":3,"cataclysm:void_core":2,"minecraft:cooked_chicken":5,"minecraft:enchanted_golden_apple":440,"minecraft:oak_planks":1,"minecraft:egg":1,"minecraft:stick":3,"mowziesmobs:sol_visage":2,"minecraft:bowl":9,"minecraft:dandelion":2,"minecraft:sand":2,"minecraft:grass_block":1,"minecraft:carrot":1,"minecraft:spider_eye":4,"cataclysm:ignitium_helmet":4,"mowziesmobs:umvuthana_mask_faith":11,"minecraft:arrow":260,"minecraft:rotten_flesh":22,"minecraft:netherite_helmet":5,"tacz:modern_kinetic_gun":29,"peru_mod:raw_cuy":13,"peru_mod:arroz_chaufa":316,"mowziesmobs:umvuthana_crane_spawn_egg":3,"cataclysm:the_incinerator":8,"minecraft:netherite_chestplate":6,"minecraft:oak_sapling":9,"minecraft:mutton":9,"minecraft:cod":2,"minecraft:white_wool":5,"cataclysm:ignitium_leggings":9,"minecraft:ender_pearl":1},"minecraft:killed_by":{"minecraft:player":6,"minecraft:skeleton":1,"minecraft:creeper":1,"minecraft:zombie":1},"minecraft:mined":{"minecraft:dandelion":1,"minecraft:cornflower":1,"minecraft:grass_block":3,"minecraft:oak_planks":1,"minecraft:birch_log":1,"minecraft:birch_leaves":1,"minecraft:grass":6,"minecraft:oak_log":5,"minecraft:dirt":3,"minecraft:oak_leaves":6},"minecraft:crafted":{"minecraft:wooden_sword":1,"minecraft:oak_planks":24,"minecraft:crafting_table":2,"minecraft:birch_planks":4,"minecraft:stick":8,"minecraft:wooden_axe":2},"minecraft:used":{"cataclysm:ignitium_boots":4,"minecraft:netherite_chestplate":1,"minecraft:oak_planks":4,"minecraft:ender_pearl":1,"minecraft:cooked_chicken":5,"mowziesmobs:umvuthana_crane_spawn_egg":1,"minecraft:white_wool":1,"minecraft:dirt":34,"minecraft:mutton":6,"minecraft:crafting_table":2,"minecraft:carrot":1,"minecraft:netherite_helmet":1,"cataclysm:infernal_forge":2,"mowziesmobs:umvuthana_mask_faith":2,"cataclysm:ignitium_leggings":3,"cataclysm:ignitium_helmet":3,"peru_mod:raw_cuy":1,"cataclysm:ignitium_chestplate":3,"peru_mod:arroz_chaufa":6,"minecraft:bow":3,"minecraft:cooked_beef":4,"minecraft:enchanted_golden_apple":20}},"DataVersion":2975}