{"stats":{"minecraft:killed":{"peru_mod:cuy":8,"mowziesmobs:umvuthi":1,"peru_mod:lobo_marino":2,"minecraft:iron_golem":1,"minecraft:sheep":4,"minecraft:horse":5,"minecraft:skeleton":3,"minecraft:zombie":7,"mowziesmobs:umvuthana_crane":2,"minecraft:drowned":1,"mowziesmobs:foliaath":1,"minecraft:villager":2,"cataclysm:ender_golem":1,"mowziesmobs:umvuthana":4,"minecraft:cow":9},"minecraft:custom":{"minecraft:interact_with_anvil":2,"minecraft:mob_kills":55,"minecraft:interact_with_crafting_table":3,"minecraft:damage_dealt_resisted":25,"minecraft:leave_game":2,"minecraft:time_since_death":10864,"minecraft:damage_resisted":284,"minecraft:time_since_rest":10921,"minecraft:sprint_one_cm":114129,"minecraft:walk_one_cm":260887,"minecraft:damage_taken":4266,"minecraft:damage_absorbed":825,"minecraft:drop":238,"minecraft:damage_dealt":3934,"minecraft:fly_one_cm":69914,"minecraft:player_kills":6,"minecraft:open_chest":2,"minecraft:crouch_one_cm":473,"minecraft:play_time":46867,"minecraft:deaths":5,"minecraft:sneak_time":72,"minecraft:walk_under_water_one_cm":14944,"minecraft:jump":489,"minecraft:walk_on_water_one_cm":8977,"minecraft:total_world_time":46867,"minecraft:fall_one_cm":13441},"minecraft:dropped":{"minecraft:enchanted_book":8,"cataclysm:ignitium_leggings":1,"minecraft:birch_planks":1,"minecraft:wheat_seeds":2,"minecraft:cooked_beef":38,"peru_mod:raw_cuy":10,"cataclysm:the_incinerator":2,"minecraft:experience_bottle":64,"peru_mod:arroz_chaufa":6,"minecraft:rotten_flesh":8,"minecraft:leather":6,"minecraft:name_tag":1,"minecraft:cod":2,"minecraft:stick":1,"minecraft:shield":2,"cataclysm:ignitium_chestplate":1,"cataclysm:ignitium_helmet":1,"minecraft:wooden_axe":1,"tacz:modern_kinetic_gun":3,"minecraft:wooden_sword":2,"tacz:ammo":1,"minecraft:arrow":70,"minecraft:bow":1,"cataclysm:ignitium_boots":1,"minecraft:dandelion":2,"minecraft:bone":3},"minecraft:picked_up":{"minecraft:birch_log":1,"cataclysm:ignitium_chestplate":4,"minecraft:netherite_boots":1,"minecraft:feather":13,"minecraft:cooked_beef":51,"minecraft:leather":33,"minecraft:enchanted_book":12,"minecraft:oak_log":2,"cataclysm:ignitium_boots":5,"minecraft:shield":4,"minecraft:netherite_leggings":1,"minecraft:dirt":1,"minecraft:wooden_sword":2,"minecraft:name_tag":1,"tacz:ammo":1019,"minecraft:bone":3,"minecraft:experience_bottle":128,"minecraft:bow":2,"mowziesmobs:foliaath_seed":2,"minecraft:wheat_seeds":2,"cataclysm:void_core":2,"minecraft:enchanted_golden_apple":64,"minecraft:stick":3,"mowziesmobs:sol_visage":2,"minecraft:bowl":6,"minecraft:dandelion":2,"cataclysm:ignitium_helmet":4,"mowziesmobs:umvuthana_mask_faith":3,"minecraft:arrow":249,"minecraft:rotten_flesh":12,"minecraft:netherite_helmet":1,"tacz:modern_kinetic_gun":13,"peru_mod:raw_cuy":10,"peru_mod:arroz_chaufa":256,"mowziesmobs:umvuthana_crane_spawn_egg":1,"cataclysm:the_incinerator":6,"minecraft:netherite_chestplate":1,"minecraft:mutton":3,"minecraft:cod":2,"minecraft:white_wool":1,"cataclysm:ignitium_leggings":5},"minecraft:killed_by":{"minecraft:player":3,"minecraft:skeleton":1,"minecraft:creeper":1},"minecraft:mined":{"minecraft:dandelion":1,"minecraft:cornflower":1,"minecraft:grass_block":1,"minecraft:birch_log":1,"minecraft:grass":5,"minecraft:oak_log":2,"minecraft:oak_leaves":3},"minecraft:crafted":{"minecraft:wooden_sword":1,"minecraft:oak_planks":8,"minecraft:crafting_table":1,"minecraft:birch_planks":4,"minecraft:stick":4,"minecraft:wooden_axe":1},"minecraft:used":{"cataclysm:ignitium_boots":3,"minecraft:crafting_table":1,"cataclysm:ignitium_leggings":2,"cataclysm:ignitium_helmet":3,"peru_mod:arroz_chaufa":6,"cataclysm:ignitium_chestplate":3,"minecraft:bow":3,"minecraft:cooked_beef":4,"minecraft:enchanted_golden_apple":10}},"DataVersion":2975}