{"stats":{"minecraft:killed":{"peru_mod:cuy":8,"peru_mod:lobo_marino":2,"minecraft:horse":5,"minecraft:zombie":4,"minecraft:cow":8},"minecraft:custom":{"minecraft:interact_with_anvil":2,"minecraft:mob_kills":29,"minecraft:interact_with_crafting_table":3,"minecraft:leave_game":1,"minecraft:time_since_death":17472,"minecraft:damage_resisted":233,"minecraft:time_since_rest":17552,"minecraft:sprint_one_cm":37142,"minecraft:walk_one_cm":107810,"minecraft:damage_taken":1118,"minecraft:damage_absorbed":619,"minecraft:drop":220,"minecraft:damage_dealt":3591,"minecraft:fly_one_cm":23133,"minecraft:player_kills":1,"minecraft:open_chest":2,"minecraft:crouch_one_cm":122,"minecraft:play_time":19042,"minecraft:deaths":2,"minecraft:sneak_time":27,"minecraft:walk_under_water_one_cm":4473,"minecraft:jump":183,"minecraft:walk_on_water_one_cm":3750,"minecraft:total_world_time":19042,"minecraft:fall_one_cm":6205},"minecraft:dropped":{"minecraft:enchanted_book":8,"cataclysm:ignitium_leggings":1,"minecraft:birch_planks":1,"minecraft:wheat_seeds":2,"minecraft:cooked_beef":34,"peru_mod:raw_cuy":10,"cataclysm:the_incinerator":2,"minecraft:experience_bottle":64,"minecraft:rotten_flesh":3,"minecraft:leather":5,"minecraft:name_tag":1,"minecraft:cod":2,"minecraft:stick":1,"minecraft:shield":2,"cataclysm:ignitium_chestplate":1,"cataclysm:ignitium_helmet":1,"minecraft:wooden_axe":1,"tacz:modern_kinetic_gun":2,"minecraft:wooden_sword":2,"minecraft:arrow":70,"minecraft:bow":1,"cataclysm:ignitium_boots":1,"minecraft:dandelion":2,"minecraft:bone":3},"minecraft:picked_up":{"minecraft:birch_log":1,"cataclysm:ignitium_chestplate":2,"minecraft:cooked_beef":34,"minecraft:leather":30,"minecraft:enchanted_book":8,"minecraft:oak_log":2,"cataclysm:ignitium_boots":2,"minecraft:shield":2,"minecraft:wooden_sword":2,"minecraft:name_tag":1,"tacz:ammo":198,"minecraft:bone":3,"minecraft:experience_bottle":64,"minecraft:bow":2,"minecraft:wheat_seeds":2,"minecraft:enchanted_golden_apple":64,"minecraft:stick":3,"minecraft:dandelion":2,"cataclysm:ignitium_helmet":2,"minecraft:arrow":249,"minecraft:rotten_flesh":3,"tacz:modern_kinetic_gun":5,"peru_mod:raw_cuy":10,"cataclysm:the_incinerator":3,"minecraft:cod":2,"cataclysm:ignitium_leggings":2},"minecraft:killed_by":{"minecraft:player":1,"minecraft:skeleton":1},"minecraft:mined":{"minecraft:dandelion":1,"minecraft:cornflower":1,"minecraft:birch_log":1,"minecraft:grass":5,"minecraft:oak_log":2},"minecraft:crafted":{"minecraft:wooden_sword":1,"minecraft:oak_planks":8,"minecraft:crafting_table":1,"minecraft:birch_planks":4,"minecraft:stick":4,"minecraft:wooden_axe":1},"minecraft:used":{"cataclysm:ignitium_boots":1,"minecraft:crafting_table":1,"cataclysm:ignitium_leggings":1,"cataclysm:ignitium_helmet":1,"cataclysm:ignitium_chestplate":1,"minecraft:bow":3,"minecraft:enchanted_golden_apple":7}},"DataVersion":2975}