{"stats":{"minecraft:killed":{"peru_mod:cuy":12,"mowziesmobs:umvuthi":1,"peru_mod:lobo_marino":2,"minecraft:iron_golem":1,"minecraft:horse":5,"minecraft:sheep":5,"minecraft:skeleton":7,"minecraft:zombie":13,"minecraft:chicken":2,"mowziesmobs:umvuthana_crane":2,"minecraft:drowned":1,"mowziesmobs:foliaath":1,"minecraft:villager":2,"cataclysm:ender_golem":1,"mowziesmobs:umvuthana":4,"minecraft:cow":10},"minecraft:custom":{"minecraft:interact_with_anvil":2,"minecraft:mob_kills":73,"minecraft:interact_with_crafting_table":4,"minecraft:damage_dealt_resisted":25,"minecraft:leave_game":4,"minecraft:time_since_death":2430,"minecraft:damage_resisted":284,"minecraft:time_since_rest":2507,"minecraft:sprint_one_cm":191069,"minecraft:damage_absorbed":825,"minecraft:damage_taken":6370,"minecraft:walk_one_cm":350062,"minecraft:drop":238,"minecraft:damage_dealt":6003,"minecraft:swim_one_cm":14222,"minecraft:fly_one_cm":110754,"minecraft:player_kills":9,"minecraft:open_chest":2,"minecraft:crouch_one_cm":1083,"minecraft:play_time":88360,"minecraft:deaths":10,"minecraft:sneak_time":203,"minecraft:walk_under_water_one_cm":18486,"minecraft:jump":833,"minecraft:walk_on_water_one_cm":19477,"minecraft:fall_one_cm":25856,"minecraft:total_world_time":88360},"minecraft:dropped":{"minecraft:enchanted_book":8,"cataclysm:ignitium_leggings":1,"minecraft:birch_planks":1,"minecraft:wheat_seeds":2,"minecraft:cooked_beef":38,"peru_mod:raw_cuy":10,"cataclysm:the_incinerator":2,"minecraft:experience_bottle":64,"peru_mod:arroz_chaufa":6,"minecraft:rotten_flesh":8,"minecraft:leather":6,"minecraft:name_tag":1,"minecraft:cod":2,"minecraft:stick":1,"minecraft:shield":2,"cataclysm:ignitium_helmet":1,"cataclysm:ignitium_chestplate":1,"minecraft:wooden_axe":1,"minecraft:wooden_sword":2,"tacz:modern_kinetic_gun":3,"tacz:ammo":1,"minecraft:arrow":70,"minecraft:bow":1,"cataclysm:ignitium_boots":1,"minecraft:dandelion":2,"minecraft:bone":3},"minecraft:picked_up":{"minecraft:birch_log":1,"cataclysm:ignitium_chestplate":4,"minecraft:netherite_boots":2,"minecraft:feather":18,"minecraft:cooked_beef":53,"minecraft:leather":33,"minecraft:enchanted_book":16,"minecraft:oak_log":7,"cataclysm:ignitium_boots":8,"minecraft:shield":5,"minecraft:netherite_leggings":2,"minecraft:string":5,"minecraft:dirt":28,"minecraft:wooden_sword":2,"minecraft:name_tag":1,"tacz:ammo":1715,"minecraft:bone":13,"minecraft:experience_bottle":256,"minecraft:bow":2,"mowziesmobs:foliaath_seed":2,"minecraft:wheat_seeds":3,"cataclysm:void_core":2,"minecraft:cooked_chicken":5,"minecraft:enchanted_golden_apple":64,"minecraft:oak_planks":1,"minecraft:egg":1,"minecraft:stick":3,"mowziesmobs:sol_visage":2,"minecraft:bowl":9,"minecraft:dandelion":2,"minecraft:sand":2,"minecraft:grass_block":1,"minecraft:carrot":1,"minecraft:spider_eye":1,"cataclysm:ignitium_helmet":4,"mowziesmobs:umvuthana_mask_faith":11,"minecraft:arrow":260,"minecraft:rotten_flesh":22,"minecraft:netherite_helmet":3,"tacz:modern_kinetic_gun":26,"peru_mod:raw_cuy":13,"peru_mod:arroz_chaufa":316,"mowziesmobs:umvuthana_crane_spawn_egg":3,"cataclysm:the_incinerator":8,"minecraft:netherite_chestplate":3,"minecraft:oak_sapling":2,"minecraft:mutton":9,"minecraft:cod":2,"minecraft:white_wool":5,"cataclysm:ignitium_leggings":8,"minecraft:ender_pearl":1},"minecraft:killed_by":{"minecraft:player":6,"minecraft:skeleton":1,"minecraft:creeper":1,"minecraft:zombie":1},"minecraft:mined":{"minecraft:dandelion":1,"minecraft:cornflower":1,"minecraft:grass_block":3,"minecraft:oak_planks":1,"minecraft:birch_log":1,"minecraft:birch_leaves":1,"minecraft:grass":6,"minecraft:oak_log":5,"minecraft:dirt":3,"minecraft:oak_leaves":4},"minecraft:crafted":{"minecraft:wooden_sword":1,"minecraft:oak_planks":24,"minecraft:crafting_table":2,"minecraft:birch_planks":4,"minecraft:stick":8,"minecraft:wooden_axe":2},"minecraft:used":{"cataclysm:ignitium_boots":4,"minecraft:netherite_chestplate":1,"minecraft:oak_planks":4,"minecraft:ender_pearl":1,"minecraft:cooked_chicken":5,"mowziesmobs:umvuthana_crane_spawn_egg":1,"minecraft:dirt":23,"minecraft:mutton":5,"minecraft:crafting_table":2,"minecraft:carrot":1,"minecraft:netherite_helmet":1,"mowziesmobs:umvuthana_mask_faith":2,"cataclysm:ignitium_leggings":3,"cataclysm:ignitium_helmet":3,"peru_mod:raw_cuy":1,"cataclysm:ignitium_chestplate":3,"peru_mod:arroz_chaufa":6,"minecraft:bow":3,"minecraft:cooked_beef":4,"minecraft:enchanted_golden_apple":10}},"DataVersion":2975}