{"stats":{"minecraft:killed":{"peru_mod:cuy":8,"mowziesmobs:umvuthi":1,"peru_mod:lobo_marino":2,"minecraft:iron_golem":1,"minecraft:horse":5,"minecraft:skeleton":2,"minecraft:zombie":7,"mowziesmobs:umvuthana_crane":2,"minecraft:drowned":1,"mowziesmobs:foliaath":1,"minecraft:villager":2,"cataclysm:ender_golem":1,"mowziesmobs:umvuthana":4,"minecraft:cow":9},"minecraft:custom":{"minecraft:interact_with_anvil":2,"minecraft:mob_kills":49,"minecraft:interact_with_crafting_table":3,"minecraft:damage_dealt_resisted":25,"minecraft:leave_game":1,"minecraft:time_since_death":7226,"minecraft:damage_resisted":284,"minecraft:time_since_rest":7372,"minecraft:sprint_one_cm":72405,"minecraft:walk_one_cm":171852,"minecraft:damage_taken":2756,"minecraft:damage_absorbed":825,"minecraft:drop":237,"minecraft:damage_dealt":3833,"minecraft:fly_one_cm":53739,"minecraft:player_kills":1,"minecraft:open_chest":2,"minecraft:crouch_one_cm":122,"minecraft:play_time":31042,"minecraft:deaths":3,"minecraft:sneak_time":39,"minecraft:walk_under_water_one_cm":14462,"minecraft:jump":356,"minecraft:walk_on_water_one_cm":5561,"minecraft:total_world_time":31042,"minecraft:fall_one_cm":9753},"minecraft:dropped":{"minecraft:enchanted_book":8,"cataclysm:ignitium_leggings":1,"minecraft:birch_planks":1,"minecraft:wheat_seeds":2,"minecraft:cooked_beef":38,"peru_mod:raw_cuy":10,"cataclysm:the_incinerator":2,"minecraft:experience_bottle":64,"peru_mod:arroz_chaufa":6,"minecraft:rotten_flesh":8,"minecraft:leather":6,"minecraft:name_tag":1,"minecraft:cod":2,"minecraft:stick":1,"minecraft:shield":2,"cataclysm:ignitium_chestplate":1,"cataclysm:ignitium_helmet":1,"minecraft:wooden_axe":1,"tacz:modern_kinetic_gun":2,"minecraft:wooden_sword":2,"tacz:ammo":1,"minecraft:arrow":70,"minecraft:bow":1,"cataclysm:ignitium_boots":1,"minecraft:dandelion":2,"minecraft:bone":3},"minecraft:picked_up":{"minecraft:birch_log":1,"cataclysm:ignitium_chestplate":3,"minecraft:feather":6,"minecraft:cooked_beef":44,"minecraft:leather":32,"minecraft:enchanted_book":8,"minecraft:oak_log":2,"cataclysm:ignitium_boots":3,"minecraft:shield":3,"minecraft:wooden_sword":2,"minecraft:name_tag":1,"tacz:ammo":607,"minecraft:bone":3,"minecraft:experience_bottle":64,"minecraft:bow":2,"mowziesmobs:foliaath_seed":1,"minecraft:wheat_seeds":2,"cataclysm:void_core":1,"minecraft:enchanted_golden_apple":64,"minecraft:stick":3,"mowziesmobs:sol_visage":1,"minecraft:bowl":1,"minecraft:dandelion":2,"cataclysm:ignitium_helmet":3,"minecraft:arrow":249,"minecraft:rotten_flesh":10,"tacz:modern_kinetic_gun":7,"peru_mod:raw_cuy":10,"peru_mod:arroz_chaufa":70,"cataclysm:the_incinerator":4,"minecraft:cod":2,"cataclysm:ignitium_leggings":3},"minecraft:killed_by":{"minecraft:player":2,"minecraft:skeleton":1},"minecraft:mined":{"minecraft:dandelion":1,"minecraft:cornflower":1,"minecraft:birch_log":1,"minecraft:grass":5,"minecraft:oak_log":2},"minecraft:crafted":{"minecraft:wooden_sword":1,"minecraft:oak_planks":8,"minecraft:crafting_table":1,"minecraft:birch_planks":4,"minecraft:stick":4,"minecraft:wooden_axe":1},"minecraft:used":{"cataclysm:ignitium_boots":2,"minecraft:crafting_table":1,"cataclysm:ignitium_leggings":2,"cataclysm:ignitium_helmet":2,"peru_mod:arroz_chaufa":1,"cataclysm:ignitium_chestplate":2,"minecraft:bow":3,"minecraft:cooked_beef":2,"minecraft:enchanted_golden_apple":10}},"DataVersion":2975}