{"stats":{"minecraft:dropped":{"minecraft:enchanted_book":3,"minecraft:wooden_sword":1,"tacz:modern_kinetic_gun":1},"minecraft:custom":{"minecraft:play_time":7042,"minecraft:time_since_rest":5552,"minecraft:walk_one_cm":29557,"minecraft:sprint_one_cm":2996,"minecraft:deaths":2,"minecraft:interact_with_anvil":1,"minecraft:drop":5,"minecraft:jump":10,"minecraft:leave_game":1,"minecraft:time_since_death":5472,"minecraft:total_world_time":7042,"minecraft:interact_with_crafting_table":3,"minecraft:fall_one_cm":3035,"minecraft:fly_one_cm":937,"minecraft:damage_taken":778},"minecraft:picked_up":{"minecraft:birch_log":1,"minecraft:wooden_sword":2,"minecraft:stick":3,"minecraft:arrow":1,"minecraft:bone":3,"tacz:modern_kinetic_gun":3,"minecraft:enchanted_book":3,"minecraft:oak_log":2,"cataclysm:the_incinerator":1,"cataclysm:ignitium_boots":1,"minecraft:name_tag":1,"cataclysm:ignitium_chestplate":1,"cataclysm:ignitium_leggings":1,"cataclysm:ignitium_helmet":1},"minecraft:killed_by":{"minecraft:skeleton":1,"minecraft:player":1},"minecraft:mined":{"minecraft:oak_log":2,"minecraft:birch_log":1},"minecraft:crafted":{"minecraft:wooden_sword":1,"minecraft:oak_planks":8,"minecraft:birch_planks":4,"minecraft:crafting_table":1,"minecraft:stick":4,"minecraft:wooden_axe":1},"minecraft:used":{"cataclysm:ignitium_chestplate":1,"minecraft:crafting_table":1,"cataclysm:ignitium_leggings":1,"cataclysm:ignitium_helmet":1,"cataclysm:ignitium_boots":1}},"DataVersion":2975}