{"stats":{"minecraft:killed":{"minecraft:sheep":2,"minecraft:skeleton":5,"minecraft:zombie":2,"minecraft:pig":1,"peru_mod:cuy":2,"minecraft:spider":2,"minecraft:creeper":3,"minecraft:cow":2},"minecraft:dropped":{"minecraft:enchanted_book":36,"minecraft:anvil":2,"cataclysm:ignitium_leggings":1,"cataclysm:ignitium_helmet":1,"cataclysm:ignitium_chestplate":1,"cataclysm:the_incinerator":1,"peru_mod:arrozconleche":1,"tacz:ammo":438,"tacz:modern_kinetic_gun":3,"minecraft:enchanted_golden_apple":64,"minecraft:arrow":128,"minecraft:bow":1,"minecraft:name_tag":1,"cataclysm:ignitium_boots":1},"minecraft:custom":{"minecraft:time_since_rest":3562,"minecraft:damage_absorbed":704,"minecraft:sprint_one_cm":60147,"minecraft:damage_taken":915,"minecraft:walk_one_cm":103766,"minecraft:mob_kills":19,"minecraft:interact_with_anvil":8,"minecraft:drop":62,"minecraft:damage_dealt":209,"minecraft:swim_one_cm":1636,"minecraft:fly_one_cm":411465,"minecraft:crouch_one_cm":54,"minecraft:play_time":39290,"minecraft:deaths":1,"minecraft:sneak_time":274,"minecraft:walk_under_water_one_cm":1811,"minecraft:jump":383,"minecraft:walk_on_water_one_cm":1380,"minecraft:time_since_death":3529,"minecraft:damage_resisted":349,"minecraft:total_world_time":39290,"minecraft:fall_one_cm":990},"minecraft:picked_up":{"minecraft:wooden_axe":1,"cataclysm:ignitium_chestplate":1,"minecraft:stick":1,"minecraft:cooked_beef":39,"minecraft:anvil":2,"minecraft:leather":6,"minecraft:dandelion":3,"minecraft:birch_planks":1,"minecraft:enchanted_book":42,"cataclysm:ignitium_boots":1,"minecraft:shield":3,"minecraft:gunpowder":1,"minecraft:cornflower":2,"minecraft:name_tag":1,"cataclysm:ignitium_helmet":1,"tacz:ammo":240,"minecraft:wooden_sword":1,"minecraft:experience_bottle":64,"minecraft:arrow":73,"minecraft:bone":7,"minecraft:rotten_flesh":4,"minecraft:bow":1,"minecraft:wheat_seeds":3,"tacz:modern_kinetic_gun":1,"peru_mod:raw_cuy":9,"peru_mod:arrozconleche":1,"minecraft:beef":3,"cataclysm:the_incinerator":1,"minecraft:enchanted_golden_apple":57,"minecraft:mutton":3,"minecraft:cod":2,"minecraft:white_wool":2,"cataclysm:ignitium_leggings":1},"minecraft:killed_by":{"minecraft:player":1},"minecraft:mined":{"minecraft:dandelion":1,"minecraft:grass":9},"minecraft:used":{"peru_mod:cuy_spawn_egg":14,"minecraft:anvil":2,"minecraft:bow":8,"minecraft:enchanted_golden_apple":7,"minecraft:experience_bottle":167}},"DataVersion":2975}