{"stats":{"minecraft:killed":{"minecraft:pig":2,"peru_mod:cuy":2,"minecraft:spider":2,"minecraft:creeper":3,"minecraft:sheep":4,"minecraft:skeleton":6,"minecraft:zombie":3,"mowziesmobs:umvuthana_crane":5,"minecraft:cow":2},"minecraft:custom":{"minecraft:interact_with_anvil":8,"minecraft:mob_kills":29,"minecraft:interact_with_grindstone":1,"minecraft:time_since_death":519,"minecraft:damage_resisted":725,"minecraft:time_since_rest":551,"minecraft:sprint_one_cm":135253,"minecraft:walk_one_cm":182608,"minecraft:damage_taken":2299,"minecraft:damage_absorbed":1937,"minecraft:drop":83,"minecraft:damage_dealt":1672,"minecraft:fly_one_cm":487510,"minecraft:swim_one_cm":2000,"minecraft:player_kills":2,"minecraft:crouch_one_cm":420,"minecraft:play_time":63290,"minecraft:deaths":3,"minecraft:sneak_time":695,"minecraft:walk_under_water_one_cm":1837,"minecraft:jump":616,"minecraft:walk_on_water_one_cm":2378,"minecraft:total_world_time":63290,"minecraft:fall_one_cm":7785},"minecraft:dropped":{"minecraft:enchanted_book":36,"minecraft:anvil":2,"cataclysm:ignitium_leggings":2,"cataclysm:the_incinerator":2,"peru_mod:arrozconleche":1,"peru_mod:arroz_chaufa":128,"minecraft:enchanted_golden_apple":138,"minecraft:name_tag":1,"minecraft:shield":1,"cataclysm:ignitium_chestplate":2,"cataclysm:ignitium_helmet":2,"tacz:modern_kinetic_gun":5,"tacz:ammo":846,"minecraft:arrow":128,"minecraft:bow":1,"cataclysm:ignitium_boots":2},"minecraft:picked_up":{"minecraft:wooden_axe":1,"cataclysm:ignitium_chestplate":2,"minecraft:feather":18,"minecraft:cooked_beef":39,"minecraft:anvil":2,"minecraft:leather":6,"minecraft:birch_planks":1,"minecraft:enchanted_book":46,"cataclysm:ignitium_boots":2,"minecraft:shield":5,"minecraft:gunpowder":1,"minecraft:cornflower":2,"minecraft:wooden_sword":1,"minecraft:name_tag":1,"minecraft:cooked_mutton":2,"tacz:ammo":390,"minecraft:bone":10,"minecraft:experience_bottle":128,"minecraft:bow":2,"minecraft:wheat_seeds":3,"minecraft:beef":3,"minecraft:poppy":1,"minecraft:enchanted_golden_apple":158,"minecraft:stick":2,"minecraft:dandelion":3,"cataclysm:ignitium_helmet":2,"mowziesmobs:umvuthana_mask_faith":5,"minecraft:arrow":138,"minecraft:rotten_flesh":5,"tacz:modern_kinetic_gun":4,"peru_mod:arrozconleche":1,"peru_mod:raw_cuy":9,"peru_mod:arroz_chaufa":64,"mowziesmobs:umvuthana_crane_spawn_egg":1,"cataclysm:the_incinerator":2,"minecraft:mutton":4,"minecraft:cod":2,"minecraft:white_wool":4,"cataclysm:ignitium_leggings":2},"minecraft:killed_by":{"minecraft:player":3},"minecraft:mined":{"minecraft:dandelion":1,"minecraft:grass":10},"minecraft:used":{"cataclysm:ender_golem_spawn_egg":1,"mowziesmobs:umvuthana_crane_spawn_egg":1,"mowziesmobs:foliaath_spawn_egg":1,"mowziesmobs:naga_spawn_egg":1,"minecraft:anvil":2,"cataclysm:ignitium_helmet":1,"peru_mod:cuy_spawn_egg":14,"mowziesmobs:umvuthi_spawn_egg":1,"cataclysm:netherite_monstrosity_spawn_egg":2,"cataclysm:ignitium_chestplate":1,"minecraft:bow":8,"minecraft:enchanted_golden_apple":18,"minecraft:experience_bottle":167}},"DataVersion":2975}