{"stats":{"minecraft:killed":{"minecraft:pig":2,"peru_mod:cuy":2,"minecraft:spider":2,"minecraft:creeper":3,"minecraft:sheep":2,"minecraft:skeleton":5,"minecraft:zombie":2,"mowziesmobs:umvuthana_crane":5,"minecraft:cow":2},"minecraft:custom":{"minecraft:interact_with_anvil":8,"minecraft:mob_kills":25,"minecraft:interact_with_grindstone":1,"minecraft:time_since_death":15529,"minecraft:damage_resisted":399,"minecraft:time_since_rest":15562,"minecraft:sprint_one_cm":78753,"minecraft:walk_one_cm":135397,"minecraft:damage_taken":1282,"minecraft:damage_absorbed":880,"minecraft:drop":80,"minecraft:damage_dealt":1402,"minecraft:fly_one_cm":463843,"minecraft:swim_one_cm":1636,"minecraft:player_kills":1,"minecraft:crouch_one_cm":54,"minecraft:play_time":51290,"minecraft:deaths":1,"minecraft:sneak_time":296,"minecraft:walk_under_water_one_cm":1811,"minecraft:jump":448,"minecraft:walk_on_water_one_cm":1469,"minecraft:total_world_time":51290,"minecraft:fall_one_cm":2535},"minecraft:dropped":{"minecraft:enchanted_book":36,"minecraft:anvil":2,"cataclysm:ignitium_leggings":2,"cataclysm:the_incinerator":2,"peru_mod:arrozconleche":1,"peru_mod:arroz_chaufa":64,"minecraft:enchanted_golden_apple":64,"minecraft:name_tag":1,"minecraft:shield":1,"cataclysm:ignitium_chestplate":2,"cataclysm:ignitium_helmet":2,"tacz:modern_kinetic_gun":5,"tacz:ammo":846,"minecraft:arrow":128,"minecraft:bow":1,"cataclysm:ignitium_boots":2},"minecraft:picked_up":{"minecraft:wooden_axe":1,"cataclysm:ignitium_chestplate":1,"minecraft:feather":6,"minecraft:cooked_beef":39,"minecraft:anvil":2,"minecraft:leather":6,"minecraft:birch_planks":1,"minecraft:enchanted_book":42,"cataclysm:ignitium_boots":1,"minecraft:shield":3,"minecraft:gunpowder":1,"minecraft:cornflower":2,"minecraft:wooden_sword":1,"minecraft:name_tag":1,"tacz:ammo":240,"minecraft:bone":7,"minecraft:experience_bottle":64,"minecraft:bow":1,"minecraft:wheat_seeds":3,"minecraft:beef":3,"minecraft:poppy":1,"minecraft:enchanted_golden_apple":57,"minecraft:stick":1,"minecraft:dandelion":3,"cataclysm:ignitium_helmet":1,"mowziesmobs:umvuthana_mask_faith":1,"minecraft:arrow":73,"minecraft:rotten_flesh":5,"tacz:modern_kinetic_gun":1,"peru_mod:arrozconleche":1,"peru_mod:raw_cuy":9,"cataclysm:the_incinerator":1,"minecraft:mutton":3,"minecraft:cod":2,"minecraft:white_wool":2,"cataclysm:ignitium_leggings":1},"minecraft:killed_by":{"minecraft:player":1},"minecraft:mined":{"minecraft:dandelion":1,"minecraft:grass":9},"minecraft:used":{"cataclysm:ender_golem_spawn_egg":1,"mowziesmobs:umvuthana_crane_spawn_egg":1,"mowziesmobs:foliaath_spawn_egg":1,"mowziesmobs:naga_spawn_egg":1,"minecraft:anvil":2,"peru_mod:cuy_spawn_egg":14,"mowziesmobs:umvuthi_spawn_egg":1,"cataclysm:netherite_monstrosity_spawn_egg":2,"minecraft:bow":8,"minecraft:enchanted_golden_apple":11,"minecraft:experience_bottle":167}},"DataVersion":2975}