{"stats":{"minecraft:killed":{"minecraft:sheep":2,"minecraft:skeleton":2,"minecraft:spider":2,"minecraft:zombie":2,"minecraft:pig":1,"minecraft:creeper":3,"minecraft:cow":2},"minecraft:custom":{"minecraft:time_since_rest":15290,"minecraft:crouch_one_cm":43,"minecraft:play_time":15290,"minecraft:sprint_one_cm":27629,"minecraft:walk_one_cm":45351,"minecraft:sneak_time":246,"minecraft:walk_under_water_one_cm":33,"minecraft:mob_kills":14,"minecraft:jump":186,"minecraft:time_since_death":15290,"minecraft:walk_on_water_one_cm":506,"minecraft:total_world_time":15290,"minecraft:swim_one_cm":724,"minecraft:fly_one_cm":307419},"minecraft:picked_up":{"minecraft:bone":1,"minecraft:leather":1,"minecraft:beef":3,"minecraft:gunpowder":1,"minecraft:mutton":3,"minecraft:white_wool":2}},"DataVersion":2975}