{"stats":{"minecraft:used":{"minecraft:torch":5,"minecraft:campfire":3},"minecraft:picked_up":{"minecraft:stick":2,"minecraft:torch":1,"minecraft:spruce_log":4,"minecraft:dirt":1},"minecraft:crafted":{"minecraft:crafting_table":1,"minecraft:spruce_planks":16},"minecraft:dropped":{"man:cassette_1safetyinstructions":1},"minecraft:mined":{"minecraft:grass_block":1,"minecraft:packed_ice":20,"minecraft:spruce_log":4,"minecraft:spruce_leaves":3},"minecraft:custom":{"minecraft:time_since_rest":12919,"minecraft:sprint_one_cm":33905,"minecraft:play_time":12919,"minecraft:damage_taken":50,"minecraft:walk_one_cm":9697,"minecraft:sneak_time":269,"minecraft:walk_under_water_one_cm":1743,"minecraft:drop":1,"minecraft:jump":118,"minecraft:leave_game":2,"minecraft:walk_on_water_one_cm":1285,"minecraft:time_since_death":12919,"minecraft:total_world_time":12919,"minecraft:swim_one_cm":4003,"minecraft:fall_one_cm":3379,"minecraft:fly_one_cm":52407}},"DataVersion":3465}