{"stats":{"minecraft:killed":{"minecraft:sheep":2,"minecraft:skeleton":3,"minecraft:spider":2,"minecraft:zombie":2,"minecraft:pig":1,"minecraft:creeper":3,"minecraft:cow":2},"minecraft:dropped":{"minecraft:enchanted_book":36,"cataclysm:ignitium_leggings":1,"tacz:modern_kinetic_gun":2,"minecraft:anvil":2,"minecraft:name_tag":1,"cataclysm:ignitium_chestplate":1,"cataclysm:ignitium_helmet":1,"cataclysm:ignitium_boots":1,"cataclysm:the_incinerator":1},"minecraft:custom":{"minecraft:time_since_rest":27290,"minecraft:crouch_one_cm":54,"minecraft:play_time":27290,"minecraft:sprint_one_cm":40612,"minecraft:walk_one_cm":66091,"minecraft:sneak_time":253,"minecraft:interact_with_anvil":3,"minecraft:walk_under_water_one_cm":33,"minecraft:mob_kills":15,"minecraft:drop":46,"minecraft:jump":269,"minecraft:damage_dealt":2,"minecraft:time_since_death":27290,"minecraft:walk_on_water_one_cm":506,"minecraft:total_world_time":27290,"minecraft:swim_one_cm":724,"minecraft:fly_one_cm":369866},"minecraft:picked_up":{"minecraft:bone":1,"minecraft:anvil":2,"minecraft:leather":1,"tacz:modern_kinetic_gun":1,"minecraft:enchanted_book":36,"minecraft:beef":3,"minecraft:gunpowder":1,"minecraft:mutton":3,"minecraft:white_wool":2},"minecraft:used":{"minecraft:anvil":1,"minecraft:experience_bottle":167}},"DataVersion":2975}