{"stats":{"minecraft:killed":{"minecraft:pig":2,"peru_mod:cuy":2,"minecraft:spider":7,"minecraft:creeper":3,"minecraft:sheep":5,"minecraft:skeleton":7,"minecraft:zombie":3,"mowziesmobs:umvuthana_crane":5,"minecraft:cow":2},"minecraft:custom":{"minecraft:mob_kills":36,"minecraft:interact_with_anvil":8,"minecraft:interact_with_grindstone":1,"minecraft:leave_game":1,"minecraft:time_since_death":12750,"minecraft:damage_resisted":725,"minecraft:time_since_rest":14491,"minecraft:sprint_one_cm":170581,"minecraft:damage_absorbed":1937,"minecraft:damage_taken":4032,"minecraft:walk_one_cm":203250,"minecraft:drop":83,"minecraft:damage_dealt":1761,"minecraft:swim_one_cm":2000,"minecraft:fly_one_cm":615930,"minecraft:player_kills":3,"minecraft:crouch_one_cm":473,"minecraft:play_time":96075,"minecraft:deaths":10,"minecraft:sneak_time":834,"minecraft:walk_under_water_one_cm":18439,"minecraft:jump":788,"minecraft:walk_on_water_one_cm":3538,"minecraft:total_world_time":96075,"minecraft:fall_one_cm":15733},"minecraft:dropped":{"minecraft:enchanted_book":36,"minecraft:anvil":2,"cataclysm:ignitium_leggings":2,"cataclysm:the_incinerator":2,"peru_mod:arrozconleche":1,"peru_mod:arroz_chaufa":128,"minecraft:enchanted_golden_apple":138,"minecraft:name_tag":1,"minecraft:shield":1,"cataclysm:ignitium_chestplate":2,"cataclysm:ignitium_helmet":2,"tacz:modern_kinetic_gun":5,"tacz:ammo":846,"minecraft:arrow":128,"minecraft:bow":1,"cataclysm:ignitium_boots":2},"minecraft:picked_up":{"minecraft:wooden_axe":1,"cataclysm:ignitium_chestplate":2,"minecraft:netherite_boots":1,"minecraft:feather":18,"minecraft:cooked_beef":39,"minecraft:anvil":2,"minecraft:leather":6,"minecraft:birch_planks":1,"minecraft:enchanted_book":47,"minecraft:shield":5,"cataclysm:ignitium_boots":2,"minecraft:gunpowder":1,"minecraft:cornflower":2,"minecraft:netherite_leggings":1,"minecraft:string":5,"minecraft:wooden_sword":1,"minecraft:name_tag":1,"tacz:ammo":390,"minecraft:cooked_mutton":2,"minecraft:experience_bottle":128,"minecraft:bone":10,"minecraft:bow":2,"minecraft:wheat_seeds":3,"minecraft:beef":3,"minecraft:poppy":1,"minecraft:enchanted_golden_apple":158,"minecraft:stick":2,"minecraft:dandelion":3,"minecraft:spider_eye":1,"cataclysm:ignitium_helmet":2,"mowziesmobs:umvuthana_mask_faith":5,"minecraft:arrow":138,"minecraft:rotten_flesh":5,"tacz:modern_kinetic_gun":5,"peru_mod:arrozconleche":1,"peru_mod:raw_cuy":9,"peru_mod:arroz_chaufa":64,"mowziesmobs:umvuthana_crane_spawn_egg":1,"cataclysm:the_incinerator":2,"minecraft:mutton":9,"minecraft:cod":2,"minecraft:white_wool":5,"cataclysm:ignitium_leggings":2},"minecraft:killed_by":{"minecraft:player":7,"minecraft:skeleton":1,"minecraft:creeper":2},"minecraft:mined":{"minecraft:dandelion":1,"minecraft:grass":10},"minecraft:used":{"cataclysm:ender_golem_spawn_egg":1,"mowziesmobs:foliaath_spawn_egg":1,"mowziesmobs:umvuthana_crane_spawn_egg":1,"mowziesmobs:naga_spawn_egg":1,"minecraft:anvil":2,"cataclysm:ignitium_helmet":1,"peru_mod:cuy_spawn_egg":14,"cataclysm:netherite_monstrosity_spawn_egg":2,"mowziesmobs:umvuthi_spawn_egg":1,"cataclysm:ignitium_chestplate":1,"minecraft:bow":8,"minecraft:enchanted_golden_apple":18,"minecraft:experience_bottle":167}},"DataVersion":2975}