{"stats":{"minecraft:picked_up":{"minecraft:enchanted_book":38},"minecraft:killed":{"minecraft:zombie":1},"minecraft:used":{"minecraft:netherite_boots":1,"minecraft:anvil":1,"minecraft:netherite_leggings":1,"minecraft:netherite_chestplate":1,"minecraft:netherite_helmet":1},"minecraft:dropped":{"minecraft:enchanted_book":42,"tacz:modern_kinetic_gun":1,"tacz:ammo":120,"minecraft:enchanted_golden_apple":128,"minecraft:netherite_boots":2,"minecraft:netherite_leggings":2,"minecraft:netherite_chestplate":2,"minecraft:netherite_helmet":2},"minecraft:custom":{"minecraft:time_since_rest":34891,"minecraft:sprint_one_cm":1582,"minecraft:play_time":34891,"minecraft:walk_one_cm":13284,"minecraft:sneak_time":117,"minecraft:mob_kills":1,"minecraft:walk_under_water_one_cm":559,"minecraft:interact_with_anvil":2,"minecraft:drop":55,"minecraft:jump":35,"minecraft:leave_game":1,"minecraft:time_since_death":34891,"minecraft:walk_on_water_one_cm":114,"minecraft:total_world_time":34891,"minecraft:fly_one_cm":110081,"minecraft:player_kills":1}},"DataVersion":2975}