{"stats":{"minecraft:picked_up":{"minecraft:rotten_flesh":2,"tacz:modern_kinetic_gun":2,"minecraft:enchanted_book":38,"minecraft:string":2},"minecraft:killed":{"minecraft:zombie":3},"minecraft:used":{"minecraft:netherite_boots":1,"minecraft:anvil":1,"minecraft:netherite_leggings":1,"minecraft:netherite_chestplate":1,"minecraft:netherite_helmet":1,"minecraft:enchanted_golden_apple":2},"minecraft:dropped":{"minecraft:enchanted_book":42,"tacz:modern_kinetic_gun":4,"tacz:ammo":120,"minecraft:enchanted_golden_apple":128,"minecraft:netherite_boots":2,"minecraft:netherite_leggings":2,"minecraft:netherite_chestplate":2,"minecraft:netherite_helmet":2},"minecraft:custom":{"minecraft:time_since_rest":41524,"minecraft:crouch_one_cm":95,"minecraft:damage_taken":75,"minecraft:damage_absorbed":178,"minecraft:sprint_one_cm":14561,"minecraft:play_time":41524,"minecraft:walk_one_cm":43014,"minecraft:sneak_time":127,"minecraft:mob_kills":3,"minecraft:walk_under_water_one_cm":559,"minecraft:interact_with_anvil":2,"minecraft:drop":58,"minecraft:jump":110,"minecraft:damage_dealt":80,"minecraft:leave_game":2,"minecraft:time_since_death":41524,"minecraft:walk_on_water_one_cm":114,"minecraft:total_world_time":41524,"minecraft:damage_resisted":56,"minecraft:fall_one_cm":2613,"minecraft:fly_one_cm":122558,"minecraft:player_kills":3}},"DataVersion":2975}