{"stats":{"minecraft:picked_up":{"minecraft:enchanted_book":38},"minecraft:dropped":{"minecraft:enchanted_book":41},"minecraft:custom":{"minecraft:jump":18,"minecraft:time_since_rest":22891,"minecraft:leave_game":1,"minecraft:play_time":22891,"minecraft:walk_on_water_one_cm":114,"minecraft:time_since_death":22891,"minecraft:walk_one_cm":2295,"minecraft:sneak_time":117,"minecraft:total_world_time":22891,"minecraft:walk_under_water_one_cm":559,"minecraft:drop":41,"minecraft:fly_one_cm":107142,"minecraft:player_kills":1}},"DataVersion":2975}