{"stats":{"minecraft:dropped":{"minecraft:netherite_helmet":1,"tacz:modern_kinetic_gun":2,"minecraft:white_wool":2},"minecraft:custom":{"minecraft:time_since_rest":1425,"minecraft:sprint_one_cm":29406,"minecraft:damage_taken":3699,"minecraft:damage_absorbed":606,"minecraft:walk_one_cm":54624,"minecraft:damage_blocked_by_shield":403,"minecraft:drop":4,"minecraft:damage_dealt":0,"minecraft:swim_one_cm":1174,"minecraft:fly_one_cm":31840,"minecraft:crouch_one_cm":745,"minecraft:play_time":51364,"minecraft:deaths":12,"minecraft:sneak_time":172,"minecraft:walk_under_water_one_cm":1765,"minecraft:jump":282,"minecraft:leave_game":5,"minecraft:walk_on_water_one_cm":413,"minecraft:time_since_death":936,"minecraft:total_world_time":51364,"minecraft:damage_resisted":117,"minecraft:fall_one_cm":13712},"minecraft:picked_up":{"minecraft:netherite_boots":1,"minecraft:crafting_table":1,"minecraft:enchanted_book":5,"minecraft:oak_log":3,"cataclysm:ignitium_boots":7,"minecraft:shield":2,"minecraft:netherite_leggings":2,"minecraft:dirt":3,"tacz:ammo":1028,"minecraft:rotten_flesh":1,"minecraft:netherite_helmet":5,"tacz:modern_kinetic_gun":11,"minecraft:enchanted_golden_apple":443,"minecraft:netherite_chestplate":4,"minecraft:oak_sapling":1,"minecraft:white_wool":2,"cataclysm:ignitium_leggings":4},"minecraft:killed_by":{"minecraft:player":8,"minecraft:drowned":1,"minecraft:skeleton":1,"minecraft:zombie":1},"minecraft:mined":{"minecraft:grass":2,"minecraft:grass_block":3,"minecraft:oak_log":1,"minecraft:oak_leaves":6},"minecraft:crafted":{"minecraft:oak_planks":4,"minecraft:crafting_table":1},"minecraft:used":{"cataclysm:ignitium_boots":4,"cataclysm:ignitium_leggings":4,"minecraft:netherite_chestplate":2,"minecraft:shield":21,"minecraft:dirt":3,"minecraft:netherite_leggings":1,"minecraft:oak_sapling":1,"minecraft:netherite_helmet":3,"minecraft:enchanted_golden_apple":9}},"DataVersion":2975}