{"stats":{"minecraft:picked_up":{"minecraft:netherite_boots":1,"minecraft:rotten_flesh":1,"minecraft:netherite_helmet":1,"minecraft:enchanted_book":5,"minecraft:oak_log":2,"minecraft:netherite_chestplate":1,"minecraft:enchanted_golden_apple":64,"minecraft:netherite_leggings":1},"minecraft:killed_by":{"minecraft:skeleton":1,"minecraft:zombie":1,"minecraft:player":2},"minecraft:used":{"minecraft:enchanted_golden_apple":5},"minecraft:custom":{"minecraft:time_since_rest":7134,"minecraft:damage_absorbed":118,"minecraft:play_time":28497,"minecraft:sprint_one_cm":64,"minecraft:walk_one_cm":7775,"minecraft:damage_taken":1497,"minecraft:deaths":5,"minecraft:walk_under_water_one_cm":646,"minecraft:jump":44,"minecraft:time_since_death":5800,"minecraft:walk_on_water_one_cm":61,"minecraft:damage_resisted":25,"minecraft:total_world_time":28497,"minecraft:fall_one_cm":5694,"minecraft:fly_one_cm":1601},"minecraft:mined":{"minecraft:grass":1}},"DataVersion":2975}