{"stats":{"minecraft:dropped":{"minecraft:netherite_helmet":1,"tacz:modern_kinetic_gun":3,"minecraft:white_wool":2},"minecraft:custom":{"minecraft:time_since_rest":532,"minecraft:sprint_one_cm":35649,"minecraft:damage_taken":3958,"minecraft:damage_absorbed":606,"minecraft:walk_one_cm":65332,"minecraft:damage_blocked_by_shield":403,"minecraft:drop":5,"minecraft:damage_dealt":0,"minecraft:swim_one_cm":1174,"minecraft:player_kills":1,"minecraft:fly_one_cm":35634,"minecraft:crouch_one_cm":1216,"minecraft:play_time":57983,"minecraft:deaths":13,"minecraft:sneak_time":277,"minecraft:walk_under_water_one_cm":1765,"minecraft:jump":321,"minecraft:leave_game":11,"minecraft:walk_on_water_one_cm":812,"minecraft:time_since_death":471,"minecraft:total_world_time":57983,"minecraft:damage_resisted":117,"minecraft:fall_one_cm":15522},"minecraft:picked_up":{"minecraft:netherite_boots":1,"minecraft:crafting_table":1,"minecraft:enchanted_book":5,"minecraft:oak_log":3,"cataclysm:ignitium_boots":8,"minecraft:shield":2,"minecraft:netherite_leggings":2,"minecraft:dirt":3,"tacz:ammo":1202,"minecraft:rotten_flesh":1,"minecraft:netherite_helmet":6,"tacz:modern_kinetic_gun":14,"minecraft:enchanted_golden_apple":571,"minecraft:netherite_chestplate":5,"minecraft:oak_sapling":1,"minecraft:white_wool":2,"cataclysm:ignitium_leggings":5},"minecraft:killed_by":{"minecraft:player":9,"minecraft:drowned":1,"minecraft:skeleton":1,"minecraft:zombie":1},"minecraft:mined":{"minecraft:grass":2,"minecraft:grass_block":3,"minecraft:oak_log":1,"minecraft:oak_leaves":6},"minecraft:crafted":{"minecraft:oak_planks":4,"minecraft:crafting_table":1},"minecraft:used":{"cataclysm:ignitium_boots":5,"cataclysm:ignitium_leggings":5,"minecraft:netherite_chestplate":3,"minecraft:shield":21,"minecraft:dirt":3,"minecraft:netherite_leggings":1,"minecraft:oak_sapling":1,"minecraft:netherite_helmet":4,"minecraft:enchanted_golden_apple":9}},"DataVersion":2975}