{"stats":{"minecraft:picked_up":{"minecraft:enchanted_book":3,"minecraft:oak_log":2},"minecraft:killed_by":{"minecraft:player":2,"minecraft:skeleton":1},"minecraft:custom":{"minecraft:jump":29,"minecraft:time_since_rest":3072,"minecraft:walk_on_water_one_cm":61,"minecraft:deaths":4,"minecraft:sprint_one_cm":64,"minecraft:play_time":16497,"minecraft:damage_taken":1215,"minecraft:time_since_death":2992,"minecraft:walk_one_cm":4658,"minecraft:total_world_time":16497,"minecraft:walk_under_water_one_cm":646,"minecraft:fall_one_cm":5694,"minecraft:fly_one_cm":1321}},"DataVersion":2975}