{"stats":{"minecraft:custom":{"minecraft:time_since_rest":305,"minecraft:damage_taken":1983,"minecraft:sprint_one_cm":1213,"minecraft:play_time":36226,"minecraft:damage_absorbed":118,"minecraft:deaths":7,"minecraft:walk_one_cm":9440,"minecraft:sneak_time":15,"minecraft:walk_under_water_one_cm":646,"minecraft:jump":54,"minecraft:time_since_death":272,"minecraft:walk_on_water_one_cm":61,"minecraft:total_world_time":36226,"minecraft:damage_resisted":25,"minecraft:fall_one_cm":5694,"minecraft:fly_one_cm":1870},"minecraft:picked_up":{"minecraft:netherite_boots":1,"minecraft:rotten_flesh":1,"minecraft:netherite_helmet":1,"tacz:modern_kinetic_gun":1,"minecraft:enchanted_book":5,"minecraft:oak_log":2,"cataclysm:ignitium_boots":1,"minecraft:enchanted_golden_apple":64,"minecraft:netherite_chestplate":1,"minecraft:netherite_leggings":1,"cataclysm:ignitium_leggings":1},"minecraft:killed_by":{"minecraft:skeleton":1,"minecraft:zombie":1,"minecraft:player":4},"minecraft:mined":{"minecraft:grass":1},"minecraft:used":{"cataclysm:ignitium_boots":1,"cataclysm:ignitium_leggings":1,"minecraft:enchanted_golden_apple":5}},"DataVersion":2975}