{"stats":{"minecraft:picked_up":{"tacz:ammo":234,"minecraft:netherite_boots":2,"minecraft:netherite_helmet":2,"minecraft:torch":1,"tacz:modern_kinetic_gun":8,"minecraft:enchanted_book":2,"minecraft:redstone_torch":1,"minecraft:soul_torch":1,"minecraft:enchanted_golden_apple":128,"minecraft:netherite_chestplate":2,"minecraft:oak_sapling":1,"minecraft:netherite_leggings":2,"minecraft:birch_sapling":1},"minecraft:killed":{"minecraft:skeleton":4,"minecraft:spider":3,"minecraft:zombie":1,"minecraft:creeper":1},"minecraft:killed_by":{"minecraft:creeper":1,"minecraft:player":1},"minecraft:dropped":{"tacz:modern_kinetic_gun":1},"minecraft:used":{"minecraft:redstone_torch":8,"minecraft:torch":2,"tacz:gun_smith_table":1,"minecraft:soul_torch":2,"tacz:statue":1,"minecraft:gravel":24},"minecraft:custom":{"minecraft:time_since_rest":2176,"minecraft:crouch_one_cm":487,"minecraft:walk_one_cm":36558,"minecraft:play_time":24033,"minecraft:sprint_one_cm":3800,"minecraft:damage_taken":657,"minecraft:deaths":2,"minecraft:sneak_time":374,"minecraft:walk_under_water_one_cm":4318,"minecraft:mob_kills":9,"minecraft:drop":1,"minecraft:jump":97,"minecraft:damage_dealt":10,"minecraft:leave_game":1,"minecraft:time_since_death":2149,"minecraft:walk_on_water_one_cm":4913,"minecraft:total_world_time":24033,"minecraft:fly_one_cm":121371,"minecraft:fall_one_cm":1358,"minecraft:player_kills":1},"minecraft:mined":{"minecraft:birch_leaves":16,"minecraft:oak_leaves":1}},"DataVersion":2975}