{"stats":{"minecraft:picked_up":{"tacz:modern_kinetic_gun":1,"minecraft:oak_sapling":1,"minecraft:birch_sapling":1},"minecraft:killed_by":{"minecraft:creeper":1},"minecraft:used":{"minecraft:gravel":24},"minecraft:dropped":{"tacz:modern_kinetic_gun":1},"minecraft:custom":{"minecraft:time_since_rest":7114,"minecraft:crouch_one_cm":121,"minecraft:walk_one_cm":5507,"minecraft:play_time":7728,"minecraft:sprint_one_cm":1682,"minecraft:damage_taken":400,"minecraft:deaths":1,"minecraft:sneak_time":249,"minecraft:walk_under_water_one_cm":3606,"minecraft:drop":1,"minecraft:jump":42,"minecraft:damage_dealt":10,"minecraft:time_since_death":7087,"minecraft:walk_on_water_one_cm":4858,"minecraft:total_world_time":7728,"minecraft:fly_one_cm":108341,"minecraft:fall_one_cm":1358,"minecraft:player_kills":1},"minecraft:mined":{"minecraft:birch_leaves":16,"minecraft:oak_leaves":1}},"DataVersion":2975}